2020-10-20 19:22:55,"b""\xf0\x9f\x98\xad\xf0\x9f\x98\xad\xf0\x9f\x98\xad\xf0\x9f\x98\xad\xf0\x9f\x98\xad\xf0\x9f\x98\xad\xf0\x9f\x98\xad\xf0\x9f\x98\xad\xf0\x9f\x98\xad\xf0\x9f\x98\xad\xf0\x9f\x98\xad\xf0\x9f\x98\xad\xf0\x9f\x98\xad\xf0\x9f\x98\xadI'm so pained #endsars #josendprotestnow \n#reformnigeria\n#donaldtrump https://t.co/LRJb4aMmEZ"""
2020-10-20 19:22:50,b'God please \xf0\x9f\x99\x8f\xf0\x9f\x99\x8f\xf0\x9f\x99\x8f\xf0\x9f\x99\x87\xf0\x9f\x99\x87 save the young people of Nigeria. \n#BuhariResignNow \n#aishayesufu \n#Vatican \n#UnitedNationsHelp\xe2\x80\xa6 https://t.co/IkHJA7sZBi'
2020-10-20 19:22:49,"b""Check out what I'm selling on Mercari! #COVID19 #coronavirus #DonaldTrump  https://t.co/UShPwzwnfS"""
2020-10-20 19:22:44,b'RT @MrCliffhanger: Calling on all human right group all over the world! They are shooting at peaceful protesters!#UnitedNationsHelp #Donald\xe2\x80\xa6'
2020-10-20 19:22:26,b'@MONSIEURBLAC We are here #phyno #flavour #donaldtrump https://t.co/wHUpn9yrq0'
2020-10-20 19:22:23,b'#EndBadGoveranceInNigeria #DonaldTrump #UnitedNationsHelp  please come to our help urgently https://t.co/Dvqqk52PE3'
2020-10-20 19:22:13,"b""@nytimes Don't believe the polls, don't get complacent - #GetOutandVote, especially for #JoeBiden and get our natio\xe2\x80\xa6 https://t.co/FSOX0HAeqF"""
2020-10-20 19:21:45,"b'Pray for Nigeria, please TL and tag\n#aishayesufu #ANewNigeria #5of5 #Abuja #UnitedNations\xe2\x80\xa6 https://t.co/oqPTusjKVz'"
2020-10-20 19:21:44,b'Beiden campaign ads vs Trump campaign ads \n\xe2\x98\x86\n#VoteLikeYourLifeDependsOnIt #Biden #DonaldTrump #YouTube https://t.co/T5CYsDdu4y'
2020-10-20 19:21:38,b'Soldiers firing at peaceful unarmed Nigerian protesters at lekki toll gate at lagos #DonaldTrump #bbcnews\xe2\x80\xa6 https://t.co/igfHG2C6ze'
2020-10-20 19:21:16,b'RT @THEHermanCain: Ben Shapiro was a never-Trumper for a long time but has now announced his support in the 2020 election. #2020election #D\xe2\x80\xa6'
2020-10-20 19:20:24,"b""I have not failed.I've just found 10,000 ways that won't work.\n#GodMorningTuesday #Google #Facebook\xe2\x80\xa6 https://t.co/VUbD1usGzv"""
2020-10-20 19:20:24,"b'RT @wirelesshogan: Feeling discouraged &amp; hopeless re: #DonaldTrump, #JoeBiden, #election2020, #Debates2020 &amp; US politics in general? I invi\xe2\x80\xa6'"
2020-10-20 19:20:21,b'RT @Ibrahim31223189: Government officials using thugs to create excuse against innocent protesters in Nigeria #DonaldTrump #bbcnews #AlJaze\xe2\x80\xa6'
2020-10-20 19:20:17,b'I just want to know \n\nWHEN THE F$% IS SOMEONE GOING TO RUN AGAINST #DONALDTRUMP WHO ISNT A #CRIMINAL?! \nHow about P\xe2\x80\xa6 https://t.co/rd8bBOwHSh'
2020-10-20 19:20:12,"b'RT @charleyw: If we learned anything from 2016, it\xe2\x80\x99s that we cannot underestimate #DonaldTrump or his ability to claw his way back into con\xe2\x80\xa6'"
2020-10-20 19:19:31,b'RT @portarican_RT: #DonaldTrump: The WORLD knows u and ur family are the real criminals. In #America the criminals dont get to demand inves\xe2\x80\xa6'
2020-10-20 19:19:12,b'RT @THEHermanCain: Ben Shapiro was a never-Trumper for a long time but has now announced his support in the 2020 election. #2020election #D\xe2\x80\xa6'
2020-10-20 19:18:30,"b'RT @LaverriereToby: #PURPLEPOWER #LALATE #MSC #DONALDTRUMP I AM TIRED OF ASKING NICELY MR. PRESIDENT!!! YOU HAVE IGNORED US LONG ENOUGH, NO\xe2\x80\xa6'"
2020-10-20 19:18:14,b'#DonaldTrump moron alert!! https://t.co/RjvMwnpUwb'
2020-10-20 19:17:41,b'Government officials using thugs to create excuse against innocent protesters in Nigeria #DonaldTrump #bbcnews\xe2\x80\xa6 https://t.co/a77AlonLpB'
2020-10-20 19:17:00,"b'RT @derekjames150: Two weeks from today, the American people will vote to evict #DonaldTrump from the White House and reclaim the Senate. I\xe2\x80\xa6'"
2020-10-20 19:16:10,"b'RT @LaverriereToby: #PURPLEPOWER #LALATE #MSC #DONALDTRUMP I AM TIRED OF ASKING NICELY MR. PRESIDENT!!! YOU HAVE IGNORED US LONG ENOUGH, NO\xe2\x80\xa6'"
2020-10-20 19:15:47,"b'RT @SapSpreads: No one can put it so succinctly as our woman, Amanda. \n\n#DonaldTrump ~ #Fuckem2020\n\n#BidenHarris2020ToSaveAmerica https://t\xe2\x80\xa6'"
2020-10-20 19:15:00,"b'Admiral from bin Laden raid endorses Biden in dramatic fashion\n\n""I am a pro-life, pro-Second Amendment, small-gover\xe2\x80\xa6 https://t.co/X5ufdkBATU'"
2020-10-20 19:14:58,b'@WillBlackWriter @SandraDunn1955 @BorisJohnson @BorisJohnson if you are intent on mimicking another leader I would\xe2\x80\xa6 https://t.co/s77M7cJmgI'
2020-10-20 19:14:56,"b'RT @wirelesshogan: Feeling discouraged &amp; hopeless re: #DonaldTrump, #JoeBiden, #election2020, #Debates2020 &amp; US politics in general? I invi\xe2\x80\xa6'"
2020-10-20 19:14:27,"b'Maybe it sounds outlandish, but if he could, he would, because #Trump cares about no one and nothing but himself.\xe2\x80\xa6 https://t.co/m0E6Eui2QQ'"
2020-10-20 19:13:55,"b'RT @derekjames150: Two weeks from today, the American people will vote to evict #DonaldTrump from the White House and reclaim the Senate. I\xe2\x80\xa6'"
2020-10-20 19:13:41,"b""RT @MyNdkessinger01: #LALATE #MSC  #DonaldTrump Send out the money already. #NancyPelosi  is making too many deals on the side so she's not\xe2\x80\xa6"""
2020-10-20 19:13:34,"b'RT @LaverriereToby: #PURPLEPOWER #LALATE #MSC #DONALDTRUMP I AM TIRED OF ASKING NICELY MR. PRESIDENT!!! YOU HAVE IGNORED US LONG ENOUGH, NO\xe2\x80\xa6'"
2020-10-20 19:13:33,b'RT @StCyrlyMe2: What part of #DonaldTrump is not a good presidential pic do some of us not understand?  #MAGA We are fed the hell up of you\xe2\x80\xa6'
2020-10-20 19:13:22,b'RT @THEHermanCain: Ben Shapiro was a never-Trumper for a long time but has now announced his support in the 2020 election. #2020election #D\xe2\x80\xa6'
2020-10-20 19:13:06,"b'RT @LaverriereToby: #PURPLEPOWER #LALATE #MSC #DONALDTRUMP MULTIPLE CHECKS, ""NOT"" A FLIMSY LITTLE MORSEL EITHER, PEOPLE ARE STARVING, THEY\xe2\x80\xa6'"
2020-10-20 19:13:02,"b'RT @SapSpreads: No one can put it so succinctly as our woman, Amanda. \n\n#DonaldTrump ~ #Fuckem2020\n\n#BidenHarris2020ToSaveAmerica https://t\xe2\x80\xa6'"
2020-10-20 19:12:53,"b'RT @LaverriereToby: #PURPLEPOWER #LALATE #MSC #DONALDTRUMP #SEATS4STIMULUS WE WANT; IN EXECUTIVE ORDERS, $2,000 MULTIPLE CHECKS AND FPUC $6\xe2\x80\xa6'"
2020-10-20 19:12:29,b'RT @THEHermanCain: Ben Shapiro was a never-Trumper for a long time but has now announced his support in the 2020 election. #2020election #D\xe2\x80\xa6'
2020-10-20 19:12:17,"b'They are only interested in serving #DonaldTrump and no one and nothing else. They are beholden to him, they will d\xe2\x80\xa6 https://t.co/kXPmYfeC45'"
2020-10-20 19:12:11,"b""Since #DonaldTrump is going to act like a First Class Fool. I'm going to do just like I did on 9/11 and Go to\xe2\x80\xa6 https://t.co/HCO72G2jCQ"""
2020-10-20 19:12:09,"b'RT @charleyw: If we learned anything from 2016, it\xe2\x80\x99s that we cannot underestimate #DonaldTrump or his ability to claw his way back into con\xe2\x80\xa6'"
2020-10-20 19:12:06,b'RT @THEHermanCain: Ben Shapiro was a never-Trumper for a long time but has now announced his support in the 2020 election. #2020election #D\xe2\x80\xa6'
2020-10-20 19:12:05,b'\xe2\x80\x9cThe concept of global warming was created by and for the Chinese in order to make US manufacturing non-competitive\xe2\x80\xa6 https://t.co/XKlK5nVoWL'
2020-10-20 19:12:01,b'What part of #DonaldTrump is not a good presidential pic do some of us not understand?  #MAGA We are fed the hell u\xe2\x80\xa6 https://t.co/Kde52ccHNh'
2020-10-20 19:11:59,"b""In this year's #USelections, these seven #swingstates will ultimately decide the fate of both the presidential cand\xe2\x80\xa6 https://t.co/bHMm8YxLyI"""
2020-10-20 19:11:55,b'RT @THEHermanCain: Ben Shapiro was a never-Trumper for a long time but has now announced his support in the 2020 election. #2020election #D\xe2\x80\xa6'
2020-10-20 19:11:40,"b'Majority favor confirming Barrett to Supreme Court, oppose court packing, polls show #RedNationRising #DonaldTrump\xe2\x80\xa6 https://t.co/GEtjvRS2ct'"
2020-10-20 19:11:28,b'RT @THEHermanCain: Ben Shapiro was a never-Trumper for a long time but has now announced his support in the 2020 election. #2020election #D\xe2\x80\xa6'
2020-10-20 19:11:20,"b""RT @Bidengals: Sure do! Don't let #donaldtrump make you believe any differently. We know first hand many people who voted for Trump in 2016\xe2\x80\xa6"""
2020-10-20 19:11:13,"b'#JohnFogerty is issuing a #ceaseanddesist order against #DonaldTrump for using his song #FortunateSon"" on the campa\xe2\x80\xa6 https://t.co/4N9KRDWqSQ'"
2020-10-20 19:10:54,"b""Sure do! Don't let #donaldtrump make you believe any differently. We know first hand many people who voted for Trum\xe2\x80\xa6 https://t.co/Q1yIcvJ8jG"""
2020-10-20 19:10:29,"b'RT @charleyw: If we learned anything from 2016, it\xe2\x80\x99s that we cannot underestimate #DonaldTrump or his ability to claw his way back into con\xe2\x80\xa6'"
2020-10-20 19:10:11,b'At least #50Cent &amp; #DonaldTrump have one thing in common. #Bankruptcy makes strange bedfellows https://t.co/aEbW6gnyeo'
2020-10-20 19:09:22,b'RT @THEHermanCain: Ben Shapiro was a never-Trumper for a long time but has now announced his support in the 2020 election. #2020election #D\xe2\x80\xa6'
2020-10-20 19:09:13,"b""RT @CatskillJulie: @Secur80Consult @johnnymags @joshjame @TuxcedoCat That's always been the #DonaldTrump strategy. In everything. Cheat, li\xe2\x80\xa6"""
2020-10-20 19:08:45,b'RT @THEHermanCain: Ben Shapiro was a never-Trumper for a long time but has now announced his support in the 2020 election. #2020election #D\xe2\x80\xa6'
2020-10-20 19:08:22,b'RT @Jason96483011: Pray for Nigeria\n#EndPoliceBrutalityinNigeraNOW \n#EndBadGoveranceInNigeria\n#Nigeriableeds\n#DonaldTrump \n#GEJ \n#USA https\xe2\x80\xa6'
2020-10-20 19:08:20,"b'Most valuable stocks at 8pm: #BorisJohnson (\xc2\xa31.17), #DonaldTrump (\xc2\xa31.04) and #AndyBurnham (\xc2\xa30.76). \nLargest gain ov\xe2\x80\xa6 https://t.co/zNvetpt28z'"
2020-10-20 19:08:10,"b'Eric Trump\xe2\x80\x99s MAGA Speech at a Gravel Pit in Lansing, Michigan @EricTrump @LaraLeaTrump @MichiganCRs @MIGOPChair\xe2\x80\xa6 https://t.co/3FAnxpEAax'"
2020-10-20 19:08:09,b'@nytimes It is a no brainer. #DonaldTrump has shown ZERO understanding of any major issue and showed gross incompet\xe2\x80\xa6 https://t.co/301cGli04V'
2020-10-20 19:08:06,b'#AlJazeera #FoxNews #bbcnews #DonaldTrump #EmmanuelMacron #BorisJohnson #pastoradeboye #channelstv #sanwoolu \n\nNige\xe2\x80\xa6 https://t.co/csH9HcLBW2'
2020-10-20 19:08:05,b'@GuardianNigeria #worldpower come and look into our country  NIGERIA\nWE NEED HELP #donaldtrump #XiJinping\xe2\x80\xa6 https://t.co/rIzxaCVY3c'
2020-10-20 19:07:50,b'RT @derekjames150: Why are #DonaldTrump and #BorisJohnson disagreeing with  the scientists now? Trump is condemning Fauci and Johnson is ig\xe2\x80\xa6'
2020-10-20 19:07:26,b'[THE TRUTH] Why Liberals and Conservatives Argue :) #Liberal #Conservative #Elections2020 #JoeBiden #DonaldTrump\xe2\x80\xa6 https://t.co/Qbs8TYrcDD'
2020-10-20 19:07:26,"b""RT @ddheruiz: #DonaldTrump complaining about being muted when it's not his turn to speak. Need help? I'll do that job for FREE. #VoteBlueDo\xe2\x80\xa6"""
2020-10-20 19:06:53,"b'@davvydmoore #UnitedNationsHelp ,#DonaldTrump  Nigeria needs your help'"
2020-10-20 19:06:45,b'RT @Jason96483011: Pray for Nigeria\n#EndPoliceBrutalityinNigeraNOW \n#EndBadGoveranceInNigeria\n#Nigeriableeds\n#DonaldTrump \n#GEJ \n#USA https\xe2\x80\xa6'
2020-10-20 19:06:32,"b'RT @derekjames150: Two weeks from today, the American people will vote to evict #DonaldTrump from the White House and reclaim the Senate. I\xe2\x80\xa6'"
2020-10-20 19:06:14,b'@RVAT2020 He\xe2\x80\x99s right. America\xe2\x80\x99s closest allies feel undermined by Trump and his love of dictators like Putin. NATO\xe2\x80\xa6 https://t.co/XaMOu7wsLx'
2020-10-20 19:06:07,b'RT @THEHermanCain: Ben Shapiro was a never-Trumper for a long time but has now announced his support in the 2020 election. #2020election #D\xe2\x80\xa6'
2020-10-20 19:06:02,b'RT @portarican_RT: #DonaldTrump: The WORLD knows u and ur family are the real criminals. In #America the criminals dont get to demand inves\xe2\x80\xa6'
2020-10-20 19:06:01,b'Ben Shapiro was a never-Trumper for a long time but has now announced his support in the 2020 election.\xe2\x80\xa6 https://t.co/UlMEn2Jmy2'
2020-10-20 19:05:37,b'It is a hard battle to fight trying to keep #DonaldTrump from desperately trying to destroy the country to keep his\xe2\x80\xa6 https://t.co/RR1MrQLM3P'
2020-10-20 19:05:04,"b'RT @derekjames150: Two weeks from today, the American people will vote to evict #DonaldTrump from the White House and reclaim the Senate. I\xe2\x80\xa6'"
2020-10-20 19:05:00,b'RT @portarican_RT: #DonaldTrump: The WORLD knows u and ur family are the real criminals. In #America the criminals dont get to demand inves\xe2\x80\xa6'
2020-10-20 19:04:33,b'Pray for Nigeria\n#EndPoliceBrutalityinNigeraNOW \n#EndBadGoveranceInNigeria\n#Nigeriableeds\n#DonaldTrump \n#GEJ \n#USA https://t.co/HnCXkBfDQr'
2020-10-20 19:04:30,b'RT @portarican_RT: #DonaldTrump: The WORLD knows u and ur family are the real criminals. In #America the criminals dont get to demand inves\xe2\x80\xa6'
2020-10-20 19:04:21,"b'RT @derekjames150: Two weeks from today, the American people will vote to evict #DonaldTrump from the White House and reclaim the Senate. I\xe2\x80\xa6'"
2020-10-20 19:04:18,b'Any #Blackman that #votes for that #racist pig #DonaldTrump is a house/slave in my eyes! \n\nI\xe2\x80\x99m smart...\n\nI ride wit\xe2\x80\xa6 https://t.co/x8DwZKB0Ak'
2020-10-20 19:03:39,b'What happened to the environment with 3.5 years of Trump in office - #DonaldTrump allowed #oilandgas companies to n\xe2\x80\xa6 https://t.co/T07WqHQbr4'
2020-10-20 19:03:37,"b'RT @derekjames150: Two weeks from today, the American people will vote to evict #DonaldTrump from the White House and reclaim the Senate. I\xe2\x80\xa6'"
2020-10-20 19:03:10,"b""We're two weeks away, so here come the stories from the leftwing media laying the groundwork to explain how Trump w\xe2\x80\xa6 https://t.co/kaDl5FBh39"""
2020-10-20 19:02:40,"b'RT @derekjames150: Two weeks from today, the American people will vote to evict #DonaldTrump from the White House and reclaim the Senate. I\xe2\x80\xa6'"
2020-10-20 19:01:18,"b'RT @derekjames150: Two weeks from today, the American people will vote to evict #DonaldTrump from the White House and reclaim the Senate. I\xe2\x80\xa6'"
2020-10-20 19:01:17,"b""RT @THEHermanCain: But some Trump defenders were hitting back: 'Face it, he could walk on water and you\xe2\x80\x99d say it\xe2\x80\x99s because he couldn\xe2\x80\x99t swim\xe2\x80\xa6"""
2020-10-20 19:01:08,b'I never thought the #endoftheworld would mean #DonaldTrump and #PatRobertson would be riding off into the Sunset.'
2020-10-20 19:00:45,"b""RT @Daily_Express: Don't bank on Donald! Former White House insider issues unexpected #Brexit warning to #BorisJohnson #DonaldTrump @Scaram\xe2\x80\xa6"""
2020-10-20 19:00:18,"b'PLEASE, PLEASE, PLEASE, #Democrats. I don\xe2\x80\x99t care what it takes. PLEASE VOTE.\n\nI don\xe2\x80\x99t care if you dislike #Biden. I\xe2\x80\xa6 https://t.co/PbzWUaSlkd'"
2020-10-20 19:00:14,b'@realDonaldTrump #DonaldTrump\xe2\x80\x99s son @EricTrump sadly resorting to BAD #photoshop celebrity pics that are easily pro\xe2\x80\xa6 https://t.co/U1Ge9hfLrY'
2020-10-20 19:00:12,b'I hope when #JoeBiden wins and #DonaldTrump throws a tantrum like the child he is we get to see the secret service\xe2\x80\xa6 https://t.co/IL5JyXs7U8'
2020-10-20 19:00:03,"b""RT @MyNdkessinger01: #LALATE #MSC  #DonaldTrump Send out the money already. #NancyPelosi  is making too many deals on the side so she's not\xe2\x80\xa6"""
2020-10-20 19:00:01,"b'President #DonaldTrump pushed for a comprehensive #COVID19 relief package, and said he would accept a deal worth mo\xe2\x80\xa6 https://t.co/18b2ZVlC6G'"
2020-10-20 18:59:37,b'They off the street light and started shooting all the peaceful protesters\xf0\x9f\x98\xa2\xf0\x9f\x98\xad\xf0\x9f\x98\xa2 we can\xe2\x80\x99t do this alone... help us  #UnitedStates #DonaldTrump'
2020-10-20 18:59:33,b'Our country nigeria is bleeding the government are killing peaceful protesters all in the name of curfew and we hop\xe2\x80\xa6 https://t.co/ZJUxO5JMjD'
2020-10-20 18:59:27,"b'Prescott, AZ Rally 10/19/20\nClip at 3:20:10 https://t.co/nKLD1XXJ8n\n\n#trumpisms #trump #donaldtrump #maga\xe2\x80\xa6 https://t.co/Rcuk6yYoD2'"
2020-10-20 18:59:08,"b""Why is that imbecile #DonaldTrump STILL saying #makeamericagreatagain?? Why hasn't he made it great in the last 4 y\xe2\x80\xa6 https://t.co/ue2wKc1wos"""
2020-10-20 18:58:30,b'#DonaldTrump: The WORLD knows u and ur family are the real criminals. In #America the criminals dont get to demand\xe2\x80\xa6 https://t.co/hIZ4x2j8wg'
2020-10-20 18:58:13,b'RT @iramsio: 1/2 I would love to have your support again! I know a lot of you saw the one minute clip (#Donaldtrump) that me and\xc2\xa0@__adey__\xe2\x80\xa6'
2020-10-20 18:58:00,"b""RT @paulinepark: #DonaldTrump's nominee #AmyConeyBarrett is the most #RightWing ever nominated to the #SupremeCourt yet #JoeBiden says he's\xe2\x80\xa6"""
2020-10-20 18:57:31,b'RT @Babanla_MVP: What a shame to the NIGERIAN government. Police and Army shooting peaceful prostesters while holding the national flag \xf0\x9f\x92\x94\xf0\x9f\x92\x94\xf0\x9f\x92\x94\xe2\x80\xa6'
2020-10-20 18:57:28,"b""RT @paulinepark: #DonaldTrump's nominee #AmyConeyBarrett is the most #RightWing ever nominated to the #SupremeCourt yet #JoeBiden says he's\xe2\x80\xa6"""
2020-10-20 18:56:47,"b'They started killing protesters in Nigeria \xf0\x9f\x87\xb3\xf0\x9f\x87\xac, please come and save us our fellow countries \xf0\x9f\x98\xad\xf0\x9f\x98\xad we\xe2\x80\x99re suffering too\xe2\x80\xa6 https://t.co/fPZDfzi8MA'"
2020-10-20 18:56:43,"b'RT @charleyw: If we learned anything from 2016, it\xe2\x80\x99s that we cannot underestimate #DonaldTrump or his ability to claw his way back into con\xe2\x80\xa6'"
2020-10-20 18:56:15,b'RT @off_JudeElue: My country at the moment \xf0\x9f\x98\x8f\nGovt using thugs to attack peaceful protesters #UnitedNationsHelp #DonaldTrump #EndPoliceBruta\xe2\x80\xa6'
2020-10-20 18:55:20,b'have a pet rock that is smarter than all of them collectively Hundred points symbol #DonaldTrump #MelaniaTrump\xe2\x80\xa6 https://t.co/3uhs0tABwn'
2020-10-20 18:55:18,b'Nigeria Governments has just ordered the Nigeria Soldiers to kill the youth (peaceful protesters) please the World\xe2\x80\xa6 https://t.co/JtBTPyKsLx'
2020-10-20 18:55:17,b'What more can i say i weep for my country Nigeria. @MBuhari you will regret eva doing this. @LekkiProtesters\xe2\x80\xa6 https://t.co/NgwyFVfcck'
2020-10-20 18:55:10,"b""The public polling is off again, in part because they're not factoring in the MASSIVE advantage in GOP voter regist\xe2\x80\xa6 https://t.co/YMMMOIwWC3"""
2020-10-20 18:54:42,b'This is my people\xe2\x80\x99s bloods on my fucking country flag...you people should come to our aid...do you want us all to d\xe2\x80\xa6 https://t.co/MUs1fguP5B'
2020-10-20 18:54:24,"b'RT @derekjames150: Two weeks from today, the American people will vote to evict #DonaldTrump from the White House and reclaim the Senate. I\xe2\x80\xa6'"
2020-10-20 18:54:19,b'RT @pickupapainting: My series of political portrait paintings \nMy first 2 are @realDonaldTrump and @JoeBiden \n#Election2020 #DonaldTrump #\xe2\x80\xa6'
2020-10-20 18:53:59,"b'RT @derekjames150: Two weeks from today, the American people will vote to evict #DonaldTrump from the White House and reclaim the Senate. I\xe2\x80\xa6'"
2020-10-20 18:53:58,b'\xe2\x81\xa6@realDonaldTrump\xe2\x81\xa9 #DonaldTrump the #ScienceDenier &amp; promises not to listen to scientists unlike #JoeBiden has invi\xe2\x80\xa6 https://t.co/YII8Mb0aaW'
2020-10-20 18:53:44,b'Quick 60 seconds on Free speech and how we need to protect it...\n#freespeech #tuesdayvibes #DonaldTrump #JoeBiden\xe2\x80\xa6 https://t.co/4lSy0NVziK'
2020-10-20 18:53:36,b'I want to share the #1 reason why I believe #donaldtrump must be re-elected on #November3rd. In each election seaso\xe2\x80\xa6 https://t.co/MURBStFtAj'
2020-10-20 18:53:30,"b""#DonaldTrump's nominee #AmyConeyBarrett is the most #RightWing ever nominated to the #SupremeCourt yet #JoeBiden sa\xe2\x80\xa6 https://t.co/Sb0YrsfNuX"""
2020-10-20 18:53:00,b'RT @iramsio: 1/2 I would love to have your support again! I know a lot of you saw the one minute clip (#Donaldtrump) that me and\xc2\xa0@__adey__\xe2\x80\xa6'
2020-10-20 18:52:57,b'What a shame to the NIGERIAN government. Police and Army shooting peaceful prostesters while holding the national f\xe2\x80\xa6 https://t.co/ViqGpAJ2Fg'
2020-10-20 18:52:54,"b'RT @charleyw: If we learned anything from 2016, it\xe2\x80\x99s that we cannot underestimate #DonaldTrump or his ability to claw his way back into con\xe2\x80\xa6'"
2020-10-20 18:52:35,"b'RT @LeslieMarshall: Check out the latest blog by my good friend @BradBannon for @TheHill.\nIt\'s titled, ""The clock is ticking and #Trump is\xe2\x80\xa6'"
2020-10-20 18:52:32,"b'RT @LeslieMarshall: Check out the latest blog by my good friend @BradBannon for @TheHill.\nIt\'s titled, ""The clock is ticking and #Trump is\xe2\x80\xa6'"
2020-10-20 18:52:29,"b'RT @LeslieMarshall: Check out the latest blog by my good friend @BradBannon for @TheHill.\nIt\'s titled, ""The clock is ticking and #Trump is\xe2\x80\xa6'"
2020-10-20 18:52:26,"b'RT @LeslieMarshall: Check out the latest blog by my good friend @BradBannon for @TheHill.\nIt\'s titled, ""The clock is ticking and #Trump is\xe2\x80\xa6'"
2020-10-20 18:52:08,"b'RT @derekjames150: Two weeks from today, the American people will vote to evict #DonaldTrump from the White House and reclaim the Senate. I\xe2\x80\xa6'"
2020-10-20 18:50:55,b'RT @Officialtinger1: We don\xe2\x80\x99t know who sent soldiers to kill peaceful protesters but I very sure it\xe2\x80\x99s our leaders #DonaldTrump kindly help\xe2\x80\xa6'
2020-10-20 18:50:50,b'Please help people at lekki toll gate right now #DonaldTrump it\xe2\x80\x99s urgent https://t.co/t0Y4a3rk9G'
2020-10-20 18:50:40,b'@Gidi_Traffic @SavvyRinu @jidesanwoolu this is your plan for announcing curfew right!! Good! You done shop am finis\xe2\x80\xa6 https://t.co/C46AtfqoAk'
2020-10-20 18:50:35,b'Do you need modern elegant business Card  design\nThen Contact: https://t.co/ApkPsjJNjg  \n\n#BlueHour Pat Robertson\xe2\x80\xa6 https://t.co/ZE6htqxnZf'
2020-10-20 18:50:30,"b'Check out the latest blog by my good friend @BradBannon for @TheHill.\nIt\'s titled, ""The clock is ticking and #Trump\xe2\x80\xa6 https://t.co/RFdcAiOFW1'"
2020-10-20 18:50:29,"b'RT @derekjames150: Two weeks from today, the American people will vote to evict #DonaldTrump from the White House and reclaim the Senate. I\xe2\x80\xa6'"
2020-10-20 18:49:56,"b'RT @charleyw: If we learned anything from 2016, it\xe2\x80\x99s that we cannot underestimate #DonaldTrump or his ability to claw his way back into con\xe2\x80\xa6'"
2020-10-20 18:49:34,b'@realDonaldTrump H\xc4\xb0 TRUMP FANS! YOU SHOULD SEE MASK!#TRUMP2020ToSaveAmerica #DonaldTrump https://t.co/KPNGs7eMZL'
2020-10-20 18:49:14,b'RT @iramsio: 1/2 I would love to have your support again! I know a lot of you saw the one minute clip (#Donaldtrump) that me and\xc2\xa0@__adey__\xe2\x80\xa6'
2020-10-20 18:49:13,b'#Trump #Trump2020 #DonaldTrump is a liar! #VoteBlueToSaveAmerica #VoteBlueDownBallot #VoteBidenHarris2020 https://t.co/1afYhHwMUq'
2020-10-20 18:49:11,"b""#Kremlin #FSB(#KGB) Operatives (from the #Novichok poison 'dispensary') were licensed to beam #microwaves to damage\xe2\x80\xa6 https://t.co/Jjm2ntHswk"""
2020-10-20 18:49:10,b'#COVID19 #realdonaldtrump #TrumpPence2020 #TrumpDance\n#BidenHarrisLandslide2020\n#Debate #VoteBiden #vote #JoeBiden\xe2\x80\xa6 https://t.co/rNZlBYBd13'
2020-10-20 18:49:09,"b'RT @AliAlAhmed_en: An apparent video of #DonaldTrump making sure he doesn\xe2\x80\x99t donate more than few bucks to the church. Very generous, NOT. h\xe2\x80\xa6'"
2020-10-20 18:49:03,"b""@senatemajldr Your lies aren't working anymore you keep telling the same story and you still fail to give Americans\xe2\x80\xa6 https://t.co/Z9xbwojzaB"""
2020-10-20 18:48:31,b'@davido #DonaldTrump #bbcnews #MainstreamMedia #UnitedNationsHelp #FoxNews #CNN \nTHEYRE KILLING OUR PEOPLEEEEEEEEE ..... fucking hell!!!!'
2020-10-20 18:48:18,"b'RT @derekjames150: Two weeks from today, the American people will vote to evict #DonaldTrump from the White House and reclaim the Senate. I\xe2\x80\xa6'"
2020-10-20 18:47:51,b'This is really very good \xf0\x9f\x98\x82 #JustSaying #DonaldTrump #BohemianRhapsody https://t.co/qHEykUx391'
2020-10-20 18:47:45,b'#TrumpIsALiar #DonaldTrump is a fraud of epic proportions! #DumpTrump  https://t.co/fBNpjYTQOK'
2020-10-20 18:47:39,"b'RT @derekjames150: Two weeks from today, the American people will vote to evict #DonaldTrump from the White House and reclaim the Senate. I\xe2\x80\xa6'"
2020-10-20 18:47:35,b'A Long List of Shady Financial Mysteries Trump Still Refuses to Explain \xe2\x80\x93 Mother Jones #DonaldTrump\xe2\x80\xa6 https://t.co/KYUmiHQT7l'
2020-10-20 18:47:29,"b'RT @derekjames150: Two weeks from today, the American people will vote to evict #DonaldTrump from the White House and reclaim the Senate. I\xe2\x80\xa6'"
2020-10-20 18:47:24,b'@ProfOsinbajo @MBuhari @DrAhmadLawan #Nigeria is passing through hardship and the president is hiding in another co\xe2\x80\xa6 https://t.co/CzfqopVN3b'
2020-10-20 18:47:00,"b'RT @derekjames150: Two weeks from today, the American people will vote to evict #DonaldTrump from the White House and reclaim the Senate. I\xe2\x80\xa6'"
2020-10-20 18:46:58,b'RT @HumanityProjct: #DonaldTrump #LiesLiesLies keeps saying Hunter Biden didn\xe2\x80\x99t have a job til his Dad was VP.  REALLY?? Never been a great\xe2\x80\xa6'
2020-10-20 18:46:58,"b""Trump calls Covid expert Dr Fauci a 'disaster' @realDonaldTrump #DonaldTrump #AnthonyFauci #Disaster #Washington https://t.co/kA662CcC3P"""
2020-10-20 18:46:54,"b'RT @derekjames150: Two weeks from today, the American people will vote to evict #DonaldTrump from the White House and reclaim the Senate. I\xe2\x80\xa6'"
2020-10-20 18:46:45,"b'Never forget that terrorists were rehabilitated in this country.\nUnarmed peaceful protesters, however, are being me\xe2\x80\xa6 https://t.co/TH4cdRbKof'"
2020-10-20 18:46:08,"b'RT @charleyw: If we learned anything from 2016, it\xe2\x80\x99s that we cannot underestimate #DonaldTrump or his ability to claw his way back into con\xe2\x80\xa6'"
2020-10-20 18:46:00,"b'RT @charleyw: If we learned anything from 2016, it\xe2\x80\x99s that we cannot underestimate #DonaldTrump or his ability to claw his way back into con\xe2\x80\xa6'"
2020-10-20 18:45:39,"b'RT @EdtheSock: Does anyone think there should be buildings named for #DonaldTrump just because he was US President? If not, then why should\xe2\x80\xa6'"
2020-10-20 18:45:31,b'@realDonaldTrump #DonaldTrump #pleaselisten million of Americans are struggling we need financial he\xe2\x80\x99lp before\xe2\x80\xa6 https://t.co/NMqr79qrxl'
2020-10-20 18:45:03,b'RT @iramsio: 1/2 I would love to have your support again! I know a lot of you saw the one minute clip (#Donaldtrump) that me and\xc2\xa0@__adey__\xe2\x80\xa6'
2020-10-20 18:44:40,"b'#DonaldTrump@realDonaldTrumpcalling #DrFauci names.  #DonaldTrump @realDonaldTrump only picks on the good ones. \n\n""\xe2\x80\xa6 https://t.co/lfLU7mJTWD'"
2020-10-20 18:43:57,"b""@Zotopek @CNN @NewYorker Glad to hear your opinion. \n\nMy perspective is different. I think a person's behavior tell\xe2\x80\xa6 https://t.co/oLKiMRTi43"""
2020-10-20 18:43:42,b'RT @60WRAPss: @UN it\xe2\x80\x99s a mini going on in Nigeria \xf0\x9f\x87\xb3\xf0\x9f\x87\xac the youths are been killed please intervene more urgent than you should \xf0\x9f\x98\xad\xf0\x9f\x98\xad #UnitedNati\xe2\x80\xa6'
2020-10-20 18:43:39,"b'RT @derekjames150: Two weeks from today, the American people will vote to evict #DonaldTrump from the White House and reclaim the Senate. I\xe2\x80\xa6'"
2020-10-20 18:43:32,"b'RT @derekjames150: Two weeks from today, the American people will vote to evict #DonaldTrump from the White House and reclaim the Senate. I\xe2\x80\xa6'"
2020-10-20 18:43:32,"b""@iSlimfit Evidence\nNigeria government has failed us yet they don't want us to speak out and fight for our right...\xe2\x80\xa6 https://t.co/yZwzm2xzB3"""
2020-10-20 18:43:27,b'Just a reminder that we had people who wanted to kill for-#JacobZuma\nWho voted for #DonaldTrump in America \nPeople who fall for #Bushiri'
2020-10-20 18:43:18,"b""#Kremlin #KGB(#FSB) Operatives (those of the #Novichok poison 'dispensary') were licensed to beam #microwaves to da\xe2\x80\xa6 https://t.co/u2PmeKvs30"""
2020-10-20 18:42:54,b'I am so disappointed at #UnitedNations #EuropeanUnion #cnn #bbc #Putin #DonaldTrump #UNICEF #HumanRights\xe2\x80\xa6 https://t.co/JlJwlIV1ls'
2020-10-20 18:42:32,"b'RT @Stop_UTK_Now: @FURiousDEFENDER Definitely rather see him Indicted &amp; Imprisoned. Also, Demons can\xe2\x80\x99t get COVID 19 \xf0\x9f\x91\xb9 Trump is The AntiChri\xe2\x80\xa6'"
2020-10-20 18:42:28,b'@UN it\xe2\x80\x99s a mini going on in Nigeria \xf0\x9f\x87\xb3\xf0\x9f\x87\xac the youths are been killed please intervene more urgent than you should \xf0\x9f\x98\xad\xf0\x9f\x98\xad\xe2\x80\xa6 https://t.co/7se8QxPAsw'
2020-10-20 18:42:01,"b'RT @derekjames150: Two weeks from today, the American people will vote to evict #DonaldTrump from the White House and reclaim the Senate. I\xe2\x80\xa6'"
2020-10-20 18:41:54,"b'RT @NuBlackVision: #SelfLoathingNegro @50cent Endorses #Trump Saying ""He Doesn\'t Care #DonaldTrump Doesn\'t Like Black People!"" #50Cent Do Y\xe2\x80\xa6'"
2020-10-20 18:41:51,"b'RT @derekjames150: Two weeks from today, the American people will vote to evict #DonaldTrump from the White House and reclaim the Senate. I\xe2\x80\xa6'"
2020-10-20 18:41:49,"b'RT @derekjames150: Two weeks from today, the American people will vote to evict #DonaldTrump from the White House and reclaim the Senate. I\xe2\x80\xa6'"
2020-10-20 18:41:37,b'Wait till the end.\n#trump #maga #trumptrain #donaldtrump #conservative #usa #trump2020 #makeamericagreatagain\xe2\x80\xa6 https://t.co/hfooXnm1ia'
2020-10-20 18:41:28,"b'Whitehouse says 5 states added to RED zone, but #DonaldTrump @realDonaldTrump says Americans are tired of hearing a\xe2\x80\xa6 https://t.co/qiiQzpxiUP'"
2020-10-20 18:41:16,b'@IvankaTrump Now they are killing us and your husband #DonaldTrump is keeping quiet.\nFuck you all \xf0\x9f\x98\xad\xf0\x9f\x98\xad\xf0\x9f\x98\xad\xf0\x9f\x98\xad\xf0\x9f\x98\xad\xf0\x9f\x98\xad\xf0\x9f\x98\xad\xf0\x9f\x98\xad\nNo help\xe2\x80\xa6 https://t.co/Vja3YEOsVi'
2020-10-20 18:41:03,b'RT @mdkas1: A cry for help my heart bleeds \xf0\x9f\x98\xad\xf0\x9f\x98\xad\xf0\x9f\x98\xad Happening live at Lekki toll gate Lagos Nigeria.. soldiers are killing peaceful protectors #\xe2\x80\xa6'
2020-10-20 18:41:03,"b'#SelfLoathingNegro @50cent Endorses #Trump Saying ""He Doesn\'t Care #DonaldTrump Doesn\'t Like Black People!"" #50Cent\xe2\x80\xa6 https://t.co/8dpb4OmDdq'"
2020-10-20 18:40:55,b'RT @off_JudeElue: My country at the moment \xf0\x9f\x98\x8f\nGovt using thugs to attack peaceful protesters #UnitedNationsHelp #DonaldTrump #EndPoliceBruta\xe2\x80\xa6'
2020-10-20 18:40:44,b'RT @BTLRadioNews: #OnTheAir: Counterpoint airs Mondays 8-10pm ET  https://t.co/OTsd2kQzVZ 89.5 FM Bgpt #CT: Jean Reith Schroedel re: her bo\xe2\x80\xa6'
2020-10-20 18:39:27,"b""BiblicalCraftsman(@biblicalcraftsman) on TikTok: It's true. #maga #trump2020 #donaldtrump #election https://t.co/9YvZn6RaAt"""
2020-10-20 18:39:21,"b'RT @derekjames150: Two weeks from today, the American people will vote to evict #DonaldTrump from the White House and reclaim the Senate. I\xe2\x80\xa6'"
2020-10-20 18:39:03,b'Put America first means every American and not few selects who sway every government to their interest. \n\nDonald is\xe2\x80\xa6 https://t.co/EmNUFDoodK'
2020-10-20 18:38:51,"b'RT @derekjames150: Two weeks from today, the American people will vote to evict #DonaldTrump from the White House and reclaim the Senate. I\xe2\x80\xa6'"
2020-10-20 18:38:24,b'The government of Nigeria mobilised thugs to attack peaceful demonstrators in Lagos and Abuja. I hope the internati\xe2\x80\xa6 https://t.co/NX4zyujPeU'
2020-10-20 18:38:14,"b'RT @derekjames150: Two weeks from today, the American people will vote to evict #DonaldTrump from the White House and reclaim the Senate. I\xe2\x80\xa6'"
2020-10-20 18:37:23,b'#DonaldTrump is always correct... you old monkey...\n. https://t.co/OikH6eQbvJ'
2020-10-20 18:37:17,"b""RT @ddheruiz: #DonaldTrump complaining about being muted when it's not his turn to speak. Need help? I'll do that job for FREE. #VoteBlueDo\xe2\x80\xa6"""
2020-10-20 18:37:09,"b""RT @OliviaOmeri: @falzthebahdguy \nShooting at lekki toll gate. \nHow will @jidesanwoolu  explain this please . Isn't this the height of wick\xe2\x80\xa6"""
2020-10-20 18:37:06,b'I just watched #DonaldTrump  condemn #Blacklivesmatter.\nWTH? But he wont condemn White supremacy? What a sorry hill\xe2\x80\xa6 https://t.co/YTlL3Juoo4'
2020-10-20 18:36:22,"b'RT @derekjames150: Two weeks from today, the American people will vote to evict #DonaldTrump from the White House and reclaim the Senate. I\xe2\x80\xa6'"
2020-10-20 18:36:11,"b""RT @OliviaOmeri: @falzthebahdguy \nShooting at lekki toll gate. \nHow will @jidesanwoolu  explain this please . Isn't this the height of wick\xe2\x80\xa6"""
2020-10-20 18:35:59,b'My #AfricaReport with #LesterKiewiet on #CapeTalk has #DonaldTrump saying kaaching! thanks #Sudan you can come off\xe2\x80\xa6 https://t.co/08gu4Yv6eX'
2020-10-20 18:35:33,"b'RT @chrisfelix765: Nigeria armies shooting and killing peaceful protesters, they removed the cctv cameras and switch off the street lights,\xe2\x80\xa6'"
2020-10-20 18:35:23,"b""@falzthebahdguy \nShooting at lekki toll gate. \nHow will @jidesanwoolu  explain this please . Isn't this the height\xe2\x80\xa6 https://t.co/J72vb1iq8p"""
2020-10-20 18:35:20,"b'RT @derekjames150: Two weeks from today, the American people will vote to evict #DonaldTrump from the White House and reclaim the Senate. I\xe2\x80\xa6'"
2020-10-20 18:35:16,"b'Nigeria armies shooting and killing peaceful protesters, they removed the cctv cameras and switch off the street li\xe2\x80\xa6 https://t.co/ZUt8O5Ibee'"
2020-10-20 18:35:11,b'RT @off_JudeElue: My country at the moment \xf0\x9f\x98\x8f\nGovt using thugs to attack peaceful protesters #UnitedNationsHelp #DonaldTrump #EndPoliceBruta\xe2\x80\xa6'
2020-10-20 18:35:11,b'We don\xe2\x80\x99t know who sent soldiers to kill peaceful protesters but I very sure it\xe2\x80\x99s our leaders #DonaldTrump kindly he\xe2\x80\xa6 https://t.co/LIS5iJBgaa'
2020-10-20 18:35:05,b'We need help \n\n#UnitedNationsHelp #UnitedNations #DonaldTrump #USA # https://t.co/718X2FJLud'
2020-10-20 18:34:58,b'This picture of a former shell of a once loved now hated comedian and sexual predator illustrates how once you lose\xe2\x80\xa6 https://t.co/fhs8i3lnAB'
2020-10-20 18:34:47,b'@renoomokri @MBuhari Pls let everyone should start to #UN now and #DonaldTrump'
2020-10-20 18:34:07,"b'RT @derekjames150: Two weeks from today, the American people will vote to evict #DonaldTrump from the White House and reclaim the Senate. I\xe2\x80\xa6'"
2020-10-20 18:33:50,"b'RT @derekjames150: Two weeks from today, the American people will vote to evict #DonaldTrump from the White House and reclaim the Senate. I\xe2\x80\xa6'"
2020-10-20 18:33:27,b'#COVID19 #realdonaldtrump #TrumpPence2020 #TrumpDance\n#BidenHarrisLandslide2020\n#Debate #VoteBiden #vote #JoeBiden\xe2\x80\xa6 https://t.co/ZKosb01NKY'
2020-10-20 18:33:26,"b""RT @resistprotest: Not to brag but... I voted for Hunter Biden's father and the woman who made Brett Kavanaugh cry!\n\n#DonaldTrump #KamalaHa\xe2\x80\xa6"""
2020-10-20 18:33:18,"b'RT @JohnPet00935096: ""Roses are red, Kamala ain\xe2\x80\x99t black, Joe Biden is hidin\xe2\x80\x99 while Hunter\xe2\x80\x99s on crack""\n\n#MAGA, #TRUMP2020ToSaveAmerica , #Tr\xe2\x80\xa6'"
2020-10-20 18:33:18,"b'RT @derekjames150: Two weeks from today, the American people will vote to evict #DonaldTrump from the White House and reclaim the Senate. I\xe2\x80\xa6'"
2020-10-20 18:33:07,b'RT @mdkas1: A cry for help my heart bleeds \xf0\x9f\x98\xad\xf0\x9f\x98\xad\xf0\x9f\x98\xad Happening live at Lekki toll gate Lagos Nigeria.. soldiers are killing peaceful protectors #\xe2\x80\xa6'
2020-10-20 18:32:56,"b'RT @prayerfeathers: @TheRightMelissa @realDonaldTrump The nerve of #DonaldTrump dismissing 220,000 dead Americans with ""It is what it is"" h\xe2\x80\xa6'"
2020-10-20 18:32:48,"b'RT @derekjames150: Two weeks from today, the American people will vote to evict #DonaldTrump from the White House and reclaim the Senate. I\xe2\x80\xa6'"
2020-10-20 18:32:35,"b'\xf0\x9f\x8f\xa0FORECLOSURE? \xf0\x9f\x92\xb2Behind on Payments?  Sell Your Home FAST!\n\xe2\x98\x8e\xef\xb8\x8fCall Now: 210-281-1061   \xf0\x9f\x9a\x80No Cost, No Obligation \n\xf0\x9f\x91\x8d\xe2\x80\xa6 https://t.co/LgAECYE0UH'"
2020-10-20 18:32:34,"b'RT @derekjames150: Two weeks from today, the American people will vote to evict #DonaldTrump from the White House and reclaim the Senate. I\xe2\x80\xa6'"
2020-10-20 18:32:24,b'A cry for help my heart bleeds \xf0\x9f\x98\xad\xf0\x9f\x98\xad\xf0\x9f\x98\xad Happening live at Lekki toll gate Lagos Nigeria.. soldiers are killing peaceful\xe2\x80\xa6 https://t.co/adJ8fRbUbq'
2020-10-20 18:32:22,"b'RT @derekjames150: Two weeks from today, the American people will vote to evict #DonaldTrump from the White House and reclaim the Senate. I\xe2\x80\xa6'"
2020-10-20 18:32:02,"b""Not to brag but... I voted for Hunter Biden's father and the woman who made Brett Kavanaugh cry!\n\n#DonaldTrump\xe2\x80\xa6 https://t.co/OA7kj6aXJ3"""
2020-10-20 18:31:45,"b'RT @JohnPet00935096: ""Roses are red, Kamala ain\xe2\x80\x99t black, Joe Biden is hidin\xe2\x80\x99 while Hunter\xe2\x80\x99s on crack""\n\n#MAGA, #TRUMP2020ToSaveAmerica , #Tr\xe2\x80\xa6'"
2020-10-20 18:31:33,"b'RT @derekjames150: Two weeks from today, the American people will vote to evict #DonaldTrump from the White House and reclaim the Senate. I\xe2\x80\xa6'"
2020-10-20 18:31:25,"b'RT @derekjames150: Two weeks from today, the American people will vote to evict #DonaldTrump from the White House and reclaim the Senate. I\xe2\x80\xa6'"
2020-10-20 18:31:15,"b'RT @derekjames150: Two weeks from today, the American people will vote to evict #DonaldTrump from the White House and reclaim the Senate. I\xe2\x80\xa6'"
2020-10-20 18:31:14,"b'RT @derekjames150: Two weeks from today, the American people will vote to evict #DonaldTrump from the White House and reclaim the Senate. I\xe2\x80\xa6'"
2020-10-20 18:31:12,"b'Why the Pope might tacitly support #JoeBiden for US president. In the run-up to the 2016 election, #PopeFrancis sai\xe2\x80\xa6 https://t.co/EgJe0d1NeV'"
2020-10-20 18:31:08,b'They are killing Nigeria youth my we  need your help #DonaldTrump'
2020-10-20 18:31:06,"b'RT @derekjames150: Two weeks from today, the American people will vote to evict #DonaldTrump from the White House and reclaim the Senate. I\xe2\x80\xa6'"
2020-10-20 18:31:01,b'Do you need modern elegant business Card  design\nThen Contact: https://t.co/ApkPsjJNjg \n\n#BlueHour Pat Robertson\xe2\x80\xa6 https://t.co/ygjt1XcP0g'
2020-10-20 18:30:32,"b'RT @derekjames150: Two weeks from today, the American people will vote to evict #DonaldTrump from the White House and reclaim the Senate. I\xe2\x80\xa6'"
2020-10-20 18:30:23,"b'RT @derekjames150: Two weeks from today, the American people will vote to evict #DonaldTrump from the White House and reclaim the Senate. I\xe2\x80\xa6'"
2020-10-20 18:30:03,"b'RT @derekjames150: Two weeks from today, the American people will vote to evict #DonaldTrump from the White House and reclaim the Senate. I\xe2\x80\xa6'"
2020-10-20 18:30:01,b'The microphones will be muted at the last debate between #DonaldTrump and #JoeBiden . So what can we expect? A fist\xe2\x80\xa6 https://t.co/uzK0E1ho6U'
2020-10-20 18:30:00,"b""RT @Daily_Express: Don't bank on Donald! Former White House insider issues unexpected #Brexit warning to #BorisJohnson #DonaldTrump @Scaram\xe2\x80\xa6"""
2020-10-20 18:29:03,b'Vegas pastor to Trump: \xe2\x80\x98You will be the president again\xe2\x80\x99 https://t.co/KtA71C6vAD #GlobalNews #ChurchofLasVegas\xe2\x80\xa6 https://t.co/DNCJlxzxTF'
2020-10-20 18:28:57,"b""#BRITISH STOP KILLINGS PEACEFUL PROTESTER'S\n#BRITISH STOP KILLINGS\n#BorisJohnson \n#CNN\n#BBC\n#DonaldTrump \n#RFI\n#TFI\xe2\x80\xa6 https://t.co/hTJvevZsik"""
2020-10-20 18:28:55,"b""RT @ereguly: Incredible: #DonaldTrump -supporting yogurt shop 'offered discounts to customers not wearing masks' https://t.co/6JTeoXD03f vi\xe2\x80\xa6"""
2020-10-20 18:28:54,b'RT @off_JudeElue: My country at the moment \xf0\x9f\x98\x8f\nGovt using thugs to attack peaceful protesters #UnitedNationsHelp #DonaldTrump #EndPoliceBruta\xe2\x80\xa6'
2020-10-20 18:28:50,b'RT @derekjames150: Why are #DonaldTrump and #BorisJohnson disagreeing with  the scientists now? Trump is condemning Fauci and Johnson is ig\xe2\x80\xa6'
